Seconds,TotalRequests,ReqsPerSec
5.1,382,76.4
10.1,382,0
15.1,382,0
20.1,382,0
25.1,382,0
30.1,382,0
35.1,382,0
40.1,382,0
45.1,382,0
50.1,382,0
55.1,382,0
60.1,382,0
65.1,382,0
70.1,482,20
75.1,582,20
80.1,582,0
85.1,582,0
90.1,682,20
95.1,682,0
100.1,2002,264
105.1,4982,596
110.1,4982,0
115.1,4982,0
120.1,4982,0
125.1,4982,0
130.1,4982,0
135.1,4982,0
140.1,4982,0
145.1,4982,0
150.1,4982,0
155.1,4982,0
160.1,4982,0
165.1,4982,0
170.1,4982,0
175.1,4982,0
180.1,4982,0
185.1,4982,0
190.1,4982,0
195.1,4982,0
200.1,4982,0
205.1,4982,0
210.1,4982,0
215.1,4982,0
220.1,4982,0
225.1,4982,0
230.1,4982,0
235.1,4982,0
240.1,4982,0
245.1,4982,0
250.1,4982,0
255.1,4982,0
260.1,4982,0
265.1,4982,0
270.1,4982,0
275.1,4982,0
280.1,4982,0
285.1,4982,0
290.1,4982,0
295.1,4982,0
300.1,4982,0
305.1,4982,0
310.1,4982,0
315.1,4982,0
320.1,4982,0
325.1,4982,0
330.1,4982,0
335.1,4982,0
340.1,4982,0
345.1,4982,0
350.1,4982,0
355.1,4982,0
360.1,4982,0
365.1,4982,0
370.1,4982,0
375.1,4982,0
380.1,4982,0
385.1,4982,0
390.1,4982,0
395.1,4982,0
400.1,4982,0
405.1,4982,0
410.1,4982,0
415.1,4982,0
420.1,4982,0
425.1,4982,0
430.1,4982,0
435.1,4982,0
440.1,4982,0
445.1,4982,0
450.1,4982,0
455.1,4982,0
460.1,4982,0
465.1,4982,0
470.1,4982,0
475.1,4982,0
480.1,4982,0
485.1,4982,0
490.1,4982,0
495.1,4982,0
500.1,4982,0
505.1,4982,0
510.1,4982,0
515.1,4982,0
520.1,4982,0
525.1,4982,0
530.1,4982,0
535.1,4982,0
540.1,4982,0
545.1,4982,0
550.1,4982,0
555.1,4982,0
560.1,4982,0
565.1,4982,0
570.1,4982,0
575.1,4982,0
580.1,4982,0
585.1,4982,0
590.1,4982,0
595.1,4982,0
600.1,4982,0
605.1,4982,0
610.1,4982,0
